{
  "0": {
    "mean": 0.005512319837087575,
    "var": 9.48971554715756e-06
  },
  "1": {
    "mean": -0.0038311586866553254,
    "var": 1.0873477816961516e-05
  },
  "2": {
    "mean": -0.0010116936564828708,
    "var": 0.0004644888456624992
  },
  "3": {
    "mean": -0.0020233873129657416,
    "var": 0.0013934665369874978
  }
}